{"directed": true, "multigraph": false, "graph": {}, "nodes": [{"id": "account"}, {"id": "customer"}, {"id": "trade_group"}, {"id": "server"}, {"id": "campaign"}, {"id": "commission_plan"}, {"id": "tenant"}, {"id": "commission_plan_offer"}, {"id": "offer"}, {"id": "commission_plan_trade_group"}, {"id": "cpa_offer_settings"}, {"id": "marketing_product"}, {"id": "customer_campaign"}, {"id": "wallet"}, {"id": "deposit"}, {"id": "email_template"}, {"id": "gui_layout"}, {"id": "gui_layout_item"}, {"id": "gui_menu"}, {"id": "landing_page"}, {"id": "marketing_tool"}, {"id": "marketing_product_tracking"}, {"id": "offer_symbol_group"}, {"id": "symbol_group"}, {"id": "symbol"}, {"id": "order"}, {"id": "order_rollup"}, {"id": "queue"}, {"id": "rate"}, {"id": "tenant_smtp_settings"}, {"id": "trade_group_settings"}, {"id": "wallet_settings"}], "links": [{"primary_key": "customer_id", "foreign_key": "id", "source": "account", "target": "customer"}, {"primary_key": "group_id", "foreign_key": "id", "source": "account", "target": "trade_group"}, {"primary_key": "server_id", "foreign_key": "id", "source": "account", "target": "server"}, {"primary_key": "ftd_account_id", "foreign_key": "id", "source": "customer", "target": "account"}, {"primary_key": "manager_id", "foreign_key": "id", "source": "customer", "target": "customer"}, {"primary_key": "marketing_product_id", "foreign_key": "id", "source": "customer", "target": "marketing_product"}, {"primary_key": "parent_customer_campaign_id", "foreign_key": "id", "source": "customer", "target": "customer_campaign"}, {"primary_key": "tenant_id", "foreign_key": "id", "source": "customer", "target": "tenant"}, {"primary_key": "server_id", "foreign_key": "id", "source": "trade_group", "target": "server"}, {"primary_key": "tenant_id", "foreign_key": "id", "source": "server", "target": "tenant"}, {"primary_key": "commission_plan_id", "foreign_key": "id", "source": "campaign", "target": "commission_plan"}, {"primary_key": "tenant_id", "foreign_key": "id", "source": "campaign", "target": "tenant"}, {"primary_key": "tenant_id", "foreign_key": "id", "source": "commission_plan", "target": "tenant"}, {"primary_key": "commission_plan_id", "foreign_key": "id", "source": "commission_plan_offer", "target": "commission_plan"}, {"primary_key": "offer_id", "foreign_key": "id", "source": "commission_plan_offer", "target": "offer"}, {"primary_key": "tenant_id", "foreign_key": "id", "source": "offer", "target": "tenant"}, {"primary_key": "commission_plan_id", "foreign_key": "id", "source": "commission_plan_trade_group", "target": "commission_plan"}, {"primary_key": "server_id", "foreign_key": "id", "source": "commission_plan_trade_group", "target": "server"}, {"primary_key": "trade_group_id", "foreign_key": "id", "source": "commission_plan_trade_group", "target": "trade_group"}, {"primary_key": "offer_id", "foreign_key": "id", "source": "cpa_offer_settings", "target": "offer"}, {"primary_key": "customer_campaign_id", "foreign_key": "id", "source": "marketing_product", "target": "customer_campaign"}, {"primary_key": "marketing_tool_id", "foreign_key": "id", "source": "marketing_product", "target": "marketing_tool"}, {"primary_key": "campaign_id", "foreign_key": "id", "source": "customer_campaign", "target": "campaign"}, {"primary_key": "ppd_modified_by_id", "foreign_key": "id", "source": "customer_campaign", "target": "customer"}, {"primary_key": "wallet_id", "foreign_key": "id", "source": "customer_campaign", "target": "wallet"}, {"primary_key": "customer_id", "foreign_key": "id", "source": "wallet", "target": "customer"}, {"primary_key": "wallet_settings_id", "foreign_key": "id", "source": "wallet", "target": "wallet_settings"}, {"primary_key": "server_id", "foreign_key": "id", "source": "deposit", "target": "server"}, {"primary_key": "tenant_id", "foreign_key": "id", "source": "email_template", "target": "tenant"}, {"primary_key": "tenant_id", "foreign_key": "id", "source": "gui_layout", "target": "tenant"}, {"primary_key": "gui_layout_id", "foreign_key": "id", "source": "gui_layout_item", "target": "gui_layout"}, {"primary_key": "tenant_id", "foreign_key": "id", "source": "gui_menu", "target": "tenant"}, {"primary_key": "campaign_id", "foreign_key": "id", "source": "landing_page", "target": "campaign"}, {"primary_key": "tenant_id", "foreign_key": "id", "source": "landing_page", "target": "tenant"}, {"primary_key": "campaign_id", "foreign_key": "id", "source": "marketing_tool", "target": "campaign"}, {"primary_key": "landing_page_id", "foreign_key": "id", "source": "marketing_tool", "target": "landing_page"}, {"primary_key": "marketing_product_id", "foreign_key": "id", "source": "marketing_product_tracking", "target": "marketing_product"}, {"primary_key": "offer_id", "foreign_key": "id", "source": "offer_symbol_group", "target": "offer"}, {"primary_key": "symbol_group_id", "foreign_key": "id", "source": "offer_symbol_group", "target": "symbol_group"}, {"primary_key": "symbol_id", "foreign_key": "id", "source": "offer_symbol_group", "target": "symbol"}, {"primary_key": "server_id", "foreign_key": "id", "source": "symbol_group", "target": "server"}, {"primary_key": "symbol_group_id", "foreign_key": "id", "source": "symbol", "target": "symbol_group"}, {"primary_key": "server_id", "foreign_key": "id", "source": "order", "target": "server"}, {"primary_key": "server_id", "foreign_key": "id", "source": "order_rollup", "target": "server"}, {"primary_key": "commission_plan_offer_id", "foreign_key": "id", "source": "queue", "target": "commission_plan_offer"}, {"primary_key": "customer_campaign_id", "foreign_key": "id", "source": "queue", "target": "customer_campaign"}, {"primary_key": "server_id", "foreign_key": "id", "source": "queue", "target": "server"}, {"primary_key": "tenant_id", "foreign_key": "id", "source": "queue", "target": "tenant"}, {"primary_key": "server_id", "foreign_key": "id", "source": "rate", "target": "server"}, {"primary_key": "tenant_id", "foreign_key": "id", "source": "tenant_smtp_settings", "target": "tenant"}, {"primary_key": "group_id", "foreign_key": "id", "source": "trade_group_settings", "target": "trade_group"}, {"primary_key": "symbol_group_id", "foreign_key": "id", "source": "trade_group_settings", "target": "symbol_group"}, {"primary_key": "tenant_id", "foreign_key": "id", "source": "wallet_settings", "target": "tenant"}]}